Workbook

Sheet Calendário
A1: Calendário de conteúdo — 30 dias
A2: Use o prompt 30 da Golden Prompt Library para preencher as 30 linhas de uma vez. Depois revise à mão.
A4: Dia | B4: Data | C4: Canal | D4: Formato | E4: Ângulo | F4: Gancho / título | G4: Ativo de origem | H4: CTA | I4: Esforço | J4: Status
A5: 1 | J5: Ideia
A6: 2 | J6: Ideia
A7: 3 | J7: Ideia
A8: 4 | J8: Ideia
A9: 5 | J9: Ideia
A10: 6 | J10: Ideia
A11: 7 | J11: Ideia
A12: 8 | J12: Ideia
A13: 9 | J13: Ideia
A14: 10 | J14: Ideia
A15: 11 | J15: Ideia
A16: 12 | J16: Ideia
... A34: 30 | J34: Ideia
A37: Distribuição sugerida
A38: Conteúdo útil | B38: 70% | C38: Ensina, resolve, mostra — sem vender
A39: Prova e autoridade | B39: 20% | C39: Resultado, bastidor, aprendizado com dado real
A40: Oferta direta | B40: 10% | C40: 3 peças em 30 dias. Mais que isso cansa a audiência

Sheet Desempenho
A1: Desempenho das peças publicadas
A2: Preencha só o que você consegue medir. Métrica de vaidade fora do relatório.
A4: Dia | B4: Gancho | C4: Canal | D4: Alcance | E4: Salvamentos | F4: Comentários | G4: Cliques | H4: Conversões | I4: Taxa de clique | J4: Engajamento
I5: =IFERROR(G5/D5,0) | J5: =IFERROR((E5+F5)/D5,0)
I6: =IFERROR(G6/D6,0) | J6: =IFERROR((E6+F6)/D6,0)
I7: =IFERROR(G7/D7,0) | J7: =IFERROR((E7+F7)/D7,0)
I8: =IFERROR(G8/D8,0) | J8: =IFERROR((E8+F8)/D8,0)
I9: =IFERROR(G9/D9,0) | J9: =IFERROR((E9+F9)/D9,0)
I10: =IFERROR(G10/D10,0) | J10: =IFERROR((E10+F10)/D10,0)
I11: =IFERROR(G11/D11,0) | J11: =IFERROR((E11+F11)/D11,0)
I12: =IFERROR(G12/D12,0) | J12: =IFERROR((E12+F12)/D12,0)
I13: =IFERROR(G13/D13,0) | J13: =IFERROR((E13+F13)/D13,0)
I14: =IFERROR(G14/D14,0) | J14: =IFERROR((E14+F14)/D14,0)
I15: =IFERROR(G15/D15,0) | J15: =IFERROR((E15+F15)/D15,0)
I16: =IFERROR(G16/D16,0) | J16: =IFERROR((E16+F16)/D16,0)
... I34: =IFERROR(G34/D34,0) | J34: =IFERROR((E34+F34)/D34,0)

Sheet Resumo
A1: Resumo do mês
A2: Calculado a partir da aba Desempenho.
A5: Peças publicadas | B5: =COUNTA(Desempenho!B5:B34)
A6: Alcance total | B6: =SUM(Desempenho!D5:D34)
A7: Salvamentos | B7: =SUM(Desempenho!E5:E34)
A8: Cliques totais | B8: =SUM(Desempenho!G5:G34)
A9: Conversões | B9: =SUM(Desempenho!H5:H34)
A10: Taxa de clique média | B10: =IFERROR(SUM(Desempenho!G5:G34)/SUM(Desempenho!D5:D34),0)
A11: Canal com mais cliques | B11: =IFERROR(INDEX(Desempenho!C5:C34,MATCH(MAX(Desempenho!G5:G34),Desempenho!G5:G34,0)),"—")
