Workbook

Sheet Painel
A1: Growth Stack Dashboard
A2: Painel de acompanhamento — os números se alimentam das abas Páginas, Rodadas e Custos.
A5: Páginas monitoradas | B5: =COUNTA(Páginas!A5:A60) | D5: Regra de leitura
D6: Compare sempre a MESMA página entre duas rodadas. Score absoluto diz pouco; variação diz tudo. Se o score subiu e a conversão caiu, você otimizou para a API, não para o visitante — volte e leia o diagnóstico de novo.
A8: Score de SEO (média) | B8: =IFERROR(AVERAGE(Páginas!C5:C60),0)
A11: Score de conversão (média) | B11: =IFERROR(AVERAGE(Páginas!D5:D60),0)
A14: Rodadas registradas | B14: =COUNTA(Rodadas!A5:A200)
A17: Custo de API (mês) | B17: =SUM(Custos!E5:E30)
A20: Custo por página monitorada | B20: =IFERROR(B17/B5,0)

Sheet Páginas
A1: Páginas monitoradas
A2: Uma linha por página. Os scores vêm das APIs de SEO e de Conversão.
A4: URL | B4: Cliente/projeto | C4: Score SEO | D4: Score conversão | E4: Última análise | F4: Visitas/mês | G4: Conversões/mês | H4: Observação | I4: Taxa de conv.
I5: =IFERROR(G5/F5,0)
I6: =IFERROR(G6/F6,0)
I7: =IFERROR(G7/F7,0)
I8: =IFERROR(G8/F8,0)
I9: =IFERROR(G9/F9,0)
I10: =IFERROR(G10/F10,0)
I11: =IFERROR(G11/F11,0)
I12: =IFERROR(G12/F12,0)
I13: =IFERROR(G13/F13,0)
I14: =IFERROR(G14/F14,0)
I15: =IFERROR(G15/F15,0)
I16: =IFERROR(G16/F16,0)
... I44: =IFERROR(G44/F44,0)

Sheet Rodadas
A1: Histórico de rodadas
A2: Cada vez que você roda o funil completo em uma página, registre aqui.
A4: Rodada | B4: Data | C4: Página | D4: Score SEO | E4: Score conv. | F4: O que mudou desde a última | G4: Próxima rodada em

Sheet Custos API
A1: Custo das APIs por projeto
A2: Preencha com os valores vigentes dos seus planos. Custos mudam — revise mensalmente.
A4: API | B4: Plano contratado | C4: Chamadas/mês | D4: Custo unitário | E4: Custo total | F4: Projeto/cliente
A5: Website Data Extraction | E5: =IFERROR(C5*D5,0)
A6: AI SEO Analysis | E6: =IFERROR(C6*D6,0)
A7: AI Conversion Optimization | E7: =IFERROR(C7*D7,0)
A8: AI Website Copywriter | E8: =IFERROR(C8*D8,0)
A9: AI Landing Page Optimizer | E9: =IFERROR(C9*D9,0)
A10: AI Social Media Generator | E10: =IFERROR(C10*D10,0)
E11: =IFERROR(C11*D11,0)
E12: =IFERROR(C12*D12,0)
E13: =IFERROR(C13*D13,0)
E14: =IFERROR(C14*D14,0)
E15: =IFERROR(C15*D15,0)
E16: =IFERROR(C16*D16,0)
D17: TOTAL | E17: =SUM(E5:E16)
